{
  "Grid_Tight Entry": {
    "return": 35.07292448500028,
    "alpha": -21.690090318444312,
    "max_dd": -14.615284802845999,
    "win_rate": 45.94594594594595,
    "method": "grid"
  },
  "Grid_Conservative": {
    "return": 39.52241305500039,
    "alpha": -17.2406017484442,
    "max_dd": -7.440138413654242,
    "win_rate": 41.60839160839161,
    "method": "grid"
  },
  "Grid_Aggressive": {
    "return": 81.24854704500022,
    "alpha": 24.48553224155563,
    "max_dd": -12.17818799001747,
    "win_rate": 53.84615384615385,
    "method": "grid"
  },
  "SGD": {
    "return": 5.418699580000186,
    "alpha": -13.497819070088624,
    "max_dd": -13.372784298659901,
    "win_rate": 44.06779661016949,
    "method": "sgd",
    "weights": {
      "rsi": 0.30175092816352844,
      "macd": 0.2390982061624527,
      "bb": 0.22352373600006104,
      "trend": 0.23562714457511902
    },
    "threshold": 70.00801086425781
  },
  "Default_test": {
    "return": 0.30852363500013524,
    "alpha": -18.607995015088676,
    "max_dd": -14.367216378550223,
    "win_rate": 42.3728813559322,
    "method": "grid"
  },
  "Bayesian": {
    "return": 15.114174400000158,
    "alpha": -3.8023442500886535,
    "max_dd": -12.552658463545097,
    "win_rate": 65.38461538461539,
    "method": "bayesian",
    "params": {
      "sl": 0.058143610155512844,
      "tp": 0.05041980280690721,
      "ms": 60.15094638632586
    }
  },
  "Regime": {
    "return": 46.72134663500043,
    "alpha": -10.041668168444161,
    "max_dd": -8.90430431533497,
    "win_rate": 43.13099041533546,
    "method": "regime",
    "regimes": {
      "bull": 234,
      "bear": 12,
      "sideways": 235
    }
  }
}